three,six,nine,twelve
3.469552,3.809231,,
,3.913112,,
,3.848249,,
,3.860312,,
,3.82813,,
,3.819247,,
,3.87133,,
,3.802647,,
,3.818641,,
,3.823182,,
